R,K
1.3676377910116622,7.657066629192254
1.3508082714455336,8.173300315125552
1.3489684639086066,8.116876734079966
1.2186913572944291,12.973339471390986
1.2554634710096784,11.20182148677049
1.248103906759923,11.444519996771817
1.2368105817173898,11.971257969903334
1.2486124943010415,11.758259942961482
1.2463008679973575,11.61124773349379
1.2225040475431965,12.451287662746294
1.2170554831477105,12.954236997722369
1.2206276846557247,13.076699887949664
1.2129564155767705,12.987701071056083
1.1912446108749457,14.370191951893894
1.1972739274452877,14.794899219536097
1.2068724198202925,14.079387748284253
1.2068724198202925,14.079387748284253
1.2021507612549123,14.26862208163392
1.1905434878114187,15.2224455111413
1.1933240059491874,15.355409895393631
1.2482009134415222,11.223517572076464
1.2753561141046272,10.443331741580673
1.2773410253416846,10.613664141727572
1.2193884691094825,13.126291539605104
1.205782597583747,13.993044346538023
1.216348429115041,13.159612649720989
1.2157276150258651,13.181055863541415
1.2769383324900134,10.12008313299942
1.2226292826745075,13.041964377254486
1.2201111157822215,12.826295025648752
1.2765941734790343,10.303995132676306
1.2863179405954026,10.00637020679124
1.2848683190674783,9.878826907832776
1.3173507490136689,8.943931220783435
1.2981237074343124,9.547739208494393
1.3000204713028756,9.633680641661037
1.2991692462660687,9.488447372743625
1.3045442359806518,9.29967490495553
1.306103751729432,9.19053419035069
1.2155637226838807,13.926857818864246
1.213863399067192,14.200972000467102
1.1900918559197542,14.505114338855037
1.1891732255955283,15.3543274156052
1.1871387012374681,15.200184045279292
1.1938413123859948,15.426121411121544
1.1862893147221494,14.859022139450415
1.194475129342529,14.0918629394168
1.1991622969236795,14.941041492944292
1.192687571263085,14.162165620035909
1.1975259779963179,14.581957305769949
1.1990278297089187,14.662532550936335
1.1864734633929752,15.44335198428636
1.1885205526307692,15.089463811536298
1.1870809283974555,15.42823118219824
1.1870809283974555,15.42823118219824
1.1759540279315832,16.643983769737265
1.1699175152900698,16.286524614007657
1.1790736228073442,16.58214627166565
1.1721545707675836,16.978930169974642
1.1904195481624948,15.206238230147827
1.20285042384722,13.795754739239706
1.2040503233795785,13.881931640800254
1.2107802122265143,14.324055717191543
1.2265942406558177,13.120097332100377
1.2200896152220815,12.843758318876711
1.2470272480891316,11.61650541364947
1.224929787259775,12.608784994605138
1.26694184520107,10.563646213908518
1.2617332595226538,11.004315112808351
1.2559926161722101,10.904040407374769
1.3214403789293994,8.73625342857248
1.3417067371882254,8.247545258597906
1.2849498124462388,10.018316365433304
1.2003807769700205,14.225301507936216
1.200887468260987,13.811121517664102
1.2321190311311725,12.704094281818453
1.2229580481609998,12.53963761272322
1.2268726506231613,12.880580513571697
1.2225477879600868,12.650790681524718
1.2731577263067573,10.252031080059597
1.2411427794659076,11.552085443603659
1.2625084890536231,10.975673809241036
1.2524224769643826,11.255960563051012
1.255145903713662,11.46736549912632
1.2227808496708756,12.544003024784375
1.2227808496708756,12.544003024784375
1.3092206002373274,8.974361987859755
1.2860271232970024,9.677317023961045
1.214063133826121,13.384849451873363
1.287616939728219,9.866743560473603
1.252733468572199,11.597216580680056
1.2750024438840084,10.44029848022928
1.2709746087698564,10.394560130970625
1.2567151939158692,11.18734904682142
1.2575339422118332,10.987154478593062
1.2548093275636294,11.111352453748655
1.2231635798947653,12.57131799356527
1.311077786491731,9.177783960343765
1.3070374426042402,9.096268914640458
1.3084382313619738,9.121755758963264
1.3057545442518503,9.013082618154364
1.2937617504911414,9.392204213106705
1.3036972175454835,9.304845386361475
1.2963380116346608,9.506209017485608
1.2536848908752796,10.955911117543911
1.2311352991568119,12.202770549664091
1.2294578731225911,12.17685307817376
1.2154095775222293,13.530872088084402
1.2046558815098638,13.977465126933604
1.2550750098865586,11.230097992526833
1.2563338909615256,10.96382960407531
1.2415034491021208,11.621501965667633
1.226425646555889,12.435298837457111
1.2649253949226105,10.850067123116188
1.2325384182885573,12.28114628379069
1.223433276261018,12.731517036186448
1.2218956077273428,12.674270464263888
1.247655125570413,11.404453234391083
1.2750724256977664,10.195344794604031
1.2801103785889083,10.297346651002904
1.2197305358057615,13.11022103978333
1.1722728584828184,16.092967754536136
1.1707993363359435,16.099625734355488
1.1731532102800635,16.232780668371053
1.1679728324188854,17.57418513983696
1.165223530788732,17.54159762875657
1.1668704112202555,17.94740602374381
1.151239668782681,18.026123978021744
1.1687845194726276,17.533338568447473
1.1645348867105076,17.130696237476055
1.3146985634828974,8.942464605328436
1.3136534697227953,8.926531291421032
1.2702625044905225,10.526394645672136
1.2323408402090579,12.02454720163297
1.257794762814201,11.034349191503752
1.2421955518081398,11.90055339790279
1.2715622568399974,10.631868452659361
1.2715622568399974,10.631868452659361
1.2250711822015876,12.494972512416371
1.2286646622596322,12.998471879732156
1.220945493632515,12.74543125669474
1.2461104307006055,11.343286594104788
1.262204430348596,10.869784814791961
1.2867664426508734,9.933610643005638
1.2836555751776582,9.903579676686782
1.2502895030653347,11.513400104830906
1.2737793652087805,10.444229188355264
1.290237007006894,9.793300621992934
1.2101492572061046,13.268980769174743
1.2060598983021502,14.08192246810589
1.2027429628499986,13.850801128609778
1.2509389566548028,10.947275285886924
1.2364704206219266,11.753301043737626
1.2289444339806717,12.339935342581281
1.2359303385713774,12.177767724177645
1.2409058203333954,11.624136780257734
1.2400943451288182,11.644813869993351
1.2304109205911529,12.231476148379802
1.2371068126940752,12.408825550820577
1.2417143032081381,11.988340347969128
1.235994125513673,11.946396353497876
1.2371332633021468,12.145224482944956
1.2570314389881647,11.200595605628509
1.2655099846523474,10.720331052684857
1.246227935037221,11.547712134602689
1.2441745873138899,11.376345540696986
1.2490507609838268,11.547904600681345
1.2492706536080023,11.730444111323719
1.2464394608451397,11.608115177092815
1.22470867361852,12.598944879258303
1.2241526641545484,12.532057320375467
1.2485479466554348,11.028959887938258
1.225957816181865,12.310539335922991
1.282380277940878,9.984422330385277
1.2858661731750325,9.935355565445551
1.2560509261065598,11.041866554541677
1.2560509261065598,11.041866554541677
1.2327737951694486,12.193258987064874
1.2346134048535364,12.129460003583818
1.2997222215908637,9.459908640703402
1.2917206360875084,9.7656485837119
1.275445345871682,10.278231593563724
1.2238236464352295,12.712689273335522
1.2404958071675474,11.791909108785298
1.2171596402117024,13.167981552719544
1.2174273525346475,13.245506103377998
1.2893381448806889,10.00544700476702
1.2373072708242288,11.889908539325896
1.2361406875450553,11.785139000458997
1.2288222785889118,12.211781571985135
1.237567106275969,12.284995655925005
1.2989804590251974,9.324308371038047
1.2811372824408922,10.149119303085369
1.2758118973625383,10.220980075734495
1.2233745165100856,13.077970057775383
1.2199028326704138,13.083858197317312
1.20722610177767,13.525531582599355
1.2907916989071246,9.667005903324052
1.3074773806227469,9.522810592110002
1.3032045702093575,9.431724773691244
1.2771356623043697,10.015261193296693
1.2748448561672678,10.179899178863204
1.2865375836205781,9.83037051925605
1.2256460799745508,12.671384229804548
1.237195334125659,11.957914794364314
1.2276107399497715,12.339938008349046
1.2270427781263225,12.286507613214484
1.3137430579389537,9.091273523991598
1.3113017698587937,8.972689059723201
1.3117557952863856,8.848997478682051
1.289765379353447,9.842428495245233
1.2817277843819685,10.242953778965088
1.2806541470824613,10.17822269876603
1.2756925604817801,10.299985420287637
1.2079507655654584,13.881384993710627
1.200386115629233,14.117280337521994
1.2205229747452657,12.818921240572648
1.2779321388718416,10.043923232796747
1.272368569818553,10.111860651216203
1.280597645356538,9.973552707801172
1.2091723445890745,13.583372221673201
1.21465764817836,13.6433883076243
1.2079084976412395,13.266662836974547
1.2154071801891904,13.4289182171715
1.2169989497642997,13.467943142875734
1.232280224373869,12.452099823108806
1.2472824074084823,11.588432720395154
1.244424496334589,11.68035455227113
1.2243903753017253,12.408880352511098
1.2304798485105108,12.185213715810667
1.2560026060188278,11.175647368623356
1.2561119546426383,11.080080107349954
1.2051708737828584,14.02180477408401
1.2075366755949504,13.466563126221303
1.1982283844362855,14.250542679635716
1.3011633788453378,9.319567967466373
1.3184197953732004,9.109638395717171
1.332267286335301,8.66045566469094
1.3303986736132454,8.554369655070237
1.3256249290751354,8.65546414874445
1.320234067006223,8.759920116454687
1.3145045260671402,9.020781170389935
1.3098148997379386,9.066348433888594
1.3128727009554617,9.068393419898113
1.3110536989827415,9.011340159958836
1.3178675533250162,8.94474205345188
1.3118631776503138,8.96834367502903
1.2088716790208045,13.468779582851814
1.2097108226073534,13.524805349211377
1.2218918030099424,12.688006480734781
1.2115864706965416,13.207815128615366
1.2677846233161854,10.663487473172276
1.228693570304267,12.666554478259188
1.2291283828611939,12.3522836234822
1.2279342967735973,12.218938219594182
1.2362777697766107,12.383672452972949
1.2846945211386704,9.719246254436902
1.2846945211386704,9.719246254436902
1.2290944907173633,12.584350045618626
1.2279669338295789,12.4593506805772
1.259177701880936,11.048463064309457
1.2597099137155652,11.139256763322138
1.2744965356523565,10.521946983177342
1.2612829642559376,10.791538700252971
1.254126220008458,11.244439730663299
1.2615581171155401,10.687773164648036
1.2734224689263878,10.301519532178961
1.281854858565403,10.012997003162551
1.287430366819634,10.16322988294867
1.2819096155106464,9.741219076207392
1.2832148720494274,10.017666684281677
1.2341480052304215,11.660724464559232
1.258824163295535,10.956805359559278
1.2334954653596064,12.166202913514201
1.2745143869850182,10.330419325010954
1.1876115856956642,15.520543702724904
1.1844347520371554,15.478920298736664
1.2157116320118357,13.281373569997124
1.2757639546293664,10.13359294358551
1.2398324696792447,12.010833758927898
1.2491682698479618,11.72533918031488
1.2926573002572392,9.733627827617347
1.2039179805440072,13.843747476751242
1.2039370094025568,13.814881731755444
1.2031405843945135,13.787495153673774
1.2633583111243545,10.829416998556624
1.2623047392519322,10.710095085753062
1.2607113811070039,10.679055988025604
1.2504030319622008,11.026532495034985
1.254270477273551,11.175216512903566
1.1836128510927584,15.528470146614838
1.1926166520944104,14.790403399614831
1.3003941220605244,9.519657085938514
1.34819754102806,8.230536880147403
1.387524273401114,7.31439446268054
1.3974477298575803,6.989626484280576
1.3423862175478527,8.261808854259598
1.3243389218160218,8.814339048714562
1.2570814787861067,11.057670292425586
1.2027458897683843,14.095246015698136
1.2901546119343368,9.938241977394354
1.2365179614376467,12.076147921567172
1.2169502914374506,13.080059976454576
1.2628407160263508,10.53432398527483
1.217110091890254,12.98721952430561
1.2428637009350136,11.837991038978828
1.2546016941147484,11.27782321288704
1.2719355261662488,10.494285835156912
1.2210980888032648,12.74065716015238
1.2188776145055684,12.958587705188757
1.233817515658743,12.166054013331614
1.2636531324558578,10.63667392005369
1.269106652617864,10.70606966115007
1.2597244016715605,10.789478069934049
1.2609938625873618,10.918227268203081
1.2609938625873618,10.918227268203081
1.256014999317184,11.179736207912782
1.234768897775258,12.190873434491705
1.2373349641876317,12.259104960541025
1.235824697980812,12.212244622234191
1.236788364979109,12.04744304963407
1.2481250154356947,11.427365346989944
1.2027185534664127,14.32776113083436
1.2125153259825725,13.630024266056713
1.2317580276970597,12.15718288725801
1.3370672809458852,8.506187294216133
1.3383320202438496,8.508473509841549
1.3370446051442264,8.434742118398725
1.3394984417022728,8.486522708248303
1.3271859638007923,8.706921538403778
1.3140958232190274,8.883036701102798
1.3028446266084084,9.437023972436629
1.308050547167067,9.492051669988088
1.196070851030287,14.19720284048496
1.1968107516026822,14.499422579638335
1.2784657530633685,10.0804824578003
1.3010874640009877,9.187864780276426
1.3009470960823628,9.227689722647433
1.3271160494762297,8.727201801265915
1.3632938299254371,7.838959362513453
1.3646352177691219,7.939671354848428
1.352327731524431,7.769271785745779
1.3861762649209493,7.310859773976335
1.3800224767712173,7.235799172744256
1.2711970472175032,10.351141380503261
1.2723060165675135,10.389250237252705
1.247791815665411,11.432818588840702
1.2771873613016005,10.24872879015611
1.2771873613016005,10.24872879015611
1.2516302782895425,11.268488197577556
1.245674311041628,11.54894549628284
1.2735490316300093,10.414934342211009
1.2340335760107535,12.064730262637255
1.2456881739754102,11.512341124134329
1.2546912852820913,11.297212450213252
1.2545408844145227,11.296987932359137
1.2467251213052397,11.807093555946393
1.2661859381974225,10.865115744574847
1.2379723899109352,11.694158293907032
1.2448821967913735,11.845769780568338
1.209227636687421,13.381404369354952
1.237333823094407,11.881932279326874
1.2169972707835985,13.098148627084562
1.227691760121093,12.652890635172238
1.2873767333966561,9.974102450783949
1.3083770031902349,9.273977565221946
1.3068257226667463,9.322934896893537
1.3062521018277644,9.115613575258935
1.306051959614344,9.113518073330926
1.317141733962758,9.036225938037978
1.3045846104649583,9.423020284156614
1.2997578687797837,9.284270005544151
1.3070133241986694,9.352885206571425
1.2561807799961315,10.899164723826473
1.2562622981321083,11.213996889104216
1.259480349580968,10.990042243480218
1.2203767775012475,13.00280146012471
1.2164263273148999,12.766050058861858
1.2253623462058525,12.93786351913567
1.215154040517893,13.11885363888627
1.1873958931332917,15.343203150425227
1.1842525869656024,14.964089943706426
1.1861683718944642,15.124392076172306
1.1935909409382426,14.705788533106189
1.2151367489641163,13.63819711259385
1.2157743497058178,13.234181082034633
1.1958318990432308,14.540825698914434
1.199388364766283,14.320178163129311
1.3101772767455295,9.103548803331346
1.3102578337988071,9.091012002459777
1.1962259784517015,14.384427582500237
1.1965253663625328,14.478951149067331
1.2587464619443327,10.997689981842408
1.2565832943703523,10.690396660548748
1.2195481564463675,13.416413589937738
1.2467694688860071,11.725406445127478
1.2316648470423475,12.193725436473436
1.2329838434759974,12.386221100837624
1.2516984663825468,11.080563744804492
1.2512268553753139,11.653300006229218
1.2630770058634184,10.69517796855802
1.2675822465133428,10.537317787647241
1.2660913055277894,10.620179909219656
1.266478080482144,10.516525561898835
1.2691986570836389,10.578386557156755
1.2708361255216183,10.63453624481531
1.2752921296940138,10.450317042175621
1.2752921296940138,10.450317042175621
1.268794160032733,10.350718638481526
1.2576054708205457,10.847622496074857
1.2913170699423624,9.669996588610775
1.2871767395956788,9.458204053963412
1.2986729582863235,9.674234460596942
1.293340519030371,9.325796543194231
1.2756822765970306,10.299544225864809
1.3032472110710345,9.309799545176347
1.2825387491946485,10.1136546708971
1.1927269256034168,14.438461275854458
1.1955574752402243,14.47847248401431
1.1948815986712498,14.458427294996625
1.2156838338864688,13.299661171441533
1.2477822073722944,11.675701832774159
1.280627501710022,9.985022231967575
1.2864869085385278,10.00282807143757
1.2664492073979738,10.803930738433914
1.2520051809165915,10.878715654202255
1.2587578670682837,11.253526116805789
1.2768696897758918,10.132543723539953
1.2768696897758918,10.132543723539953
1.2456324209655347,11.65899117218508
1.2097024280673274,13.342685554223154
1.2179871256599366,13.294285942497774
1.2141080350321494,13.157757983202087
1.2630746148069976,10.442859361962283
1.2630746148069976,10.442859361962283
1.1984654224631037,14.384546307499868
1.1982102046783119,14.698399549598475
1.2046055349978109,13.958625266174504
1.2126900083760475,14.007454004650391
1.2107635105262848,13.79743937431927
1.2056765553543642,14.205161232543725
1.2031472494474331,13.887143720547387
1.3080838140184623,9.051986673206988
1.3024444159873063,9.227911335059233
1.2484702957307705,11.454962472972236
1.2637598901603275,10.633392032912418
1.2625599806786563,10.499235201103946
1.2622881632622969,10.883625142181016
1.2635436747368638,10.99468192020402
1.2284940406965732,12.712465235661307
1.2286156121281262,12.741557619649129
1.2192657042853599,13.070764184188175
1.259071795088363,10.94223141437206
1.2615705112906455,10.908208804783065
1.2484054651354097,11.678788465617187
1.2327806814386046,11.96361698957565
1.2692797975913905,10.572596544386126
1.2672268781110978,10.790717489327694
1.228209389978694,12.20433058652768
1.214392008598503,13.438627305305022
1.2196210670167063,13.05030823496192
1.3030484161166709,9.464454704362659
1.2968647527848365,9.388733922523018
1.2967096474815807,9.290426553449658
1.300243107596148,9.396194015636699
1.300243107596148,9.396194015636699
1.3010926607191993,9.405083722986074
1.2944432957591516,9.461530508484865
1.26408528498671,10.498401334974139
1.2118661814172156,13.853102759702349
1.2066032476003279,13.966444837229858
1.2041115791612578,13.58874033668905
1.2088262665150078,13.844205004327387
1.2078261945359383,13.82078206355347
1.2082305292833109,13.391921112940425
1.2126191643946533,13.535348124532332
1.2236530387255342,12.860489899671258
1.2257434417643691,12.475767460170305
1.2371832205241005,11.96199863227471
1.3355010478615201,8.577278071940212
1.3317144079970793,8.42403636091961
1.2362442254244423,11.767797867079826
1.2362442254244423,11.767797867079826
1.238308953941859,11.880731074679915
1.2450453078333967,11.604096375299404
1.2236178554494141,12.570967675582583
1.2412369771219354,11.786938449550318
1.2482965173353415,11.586975089994592
1.2546153299100866,11.249996327424599
1.2419991264187424,11.674146662249843
1.260451299863114,10.800412575996713
1.260451299863114,10.800412575996713
1.2468670792890073,11.740103791298596
1.2431928663339509,11.42868729209348
1.2432548032677961,11.909824815711211
1.2711650386622213,10.644235169964533
1.2830011037638487,9.943194065878423
1.285598489569301,9.96887522991191
1.2626873696880032,10.876148981315763
1.2383934611347667,11.714643927021172
1.2592158736426122,11.124933393910826
1.2120716138742196,13.70683986815328
1.2319805770010885,12.463136000865992
1.2673669551784805,10.524564080192075
1.250607495379606,11.487123866846346
1.218418200224915,12.560301352467501
1.2230643495485187,12.612603630621658
1.2199582261187343,12.57392976053537
1.270675400981181,10.522612460079895
1.2335289319173266,12.391172762202046
1.2627313401053295,10.911781155273356
1.2325374790492845,12.088690744139875
1.2305660966501293,12.06517949493831
1.2905360735221216,9.663587333657217
1.2284915734064625,12.216771508633258
1.2360289029030074,12.178428887640312
1.213379978792552,13.155868782863351
1.249948283287718,11.517506827471115
1.2107390200638366,13.342248590028335
1.1946543916772305,15.040788000025861
1.1956436702494344,14.209574689663485
1.2069699265336875,14.153834788930029
1.1996490246912668,15.152009742307676
1.2068099122622664,13.464579104430157
1.2068099122622664,13.464579104430157
1.2094204233352657,13.53086525462859
1.2061664602776077,13.560705172116878
1.2332272177626311,12.728942295716148
1.2213661958521447,12.872694293600334
1.229562124855464,12.41765041625706
1.1813125254005892,16.184932425682863
1.179704776267298,16.134201775468274
1.2912228058957496,9.823960864330013
1.2278351106197092,12.709647985907676
1.2190077007362148,13.179877404598496
1.3314621634618475,8.406369168126506
1.2482188273284265,11.457582675641337
1.2257188893165423,12.438536744206338
1.2256608754902845,12.479471758568767
1.2309640521695073,12.47218986261886
1.2471108633421744,11.403190062977966
1.2561997022147957,11.344537291192948
1.2455211098896275,11.55532074844593
1.2516824388362258,11.118588763475268
1.224397466598092,13.019894554286138
1.2091697918194448,13.891098294025605
1.2651217760915694,10.503130474570986
1.2369923363511321,12.319306680453598
1.2294195501490033,12.097322708011266
1.200456687162628,14.972546146569128
1.1981510757020486,14.877691493348811
1.2184709837043923,13.119687086375583
1.2166775438890203,13.049654933260069
1.2226132005445807,12.829640385053793
1.2565554761102662,11.14443708091968
1.2244410090752986,12.39535041794332
1.2194317096990799,13.249164423088372
1.214118883363198,13.577556365757163
1.2311334801065446,12.36208265387171
1.231937367082088,12.385934904346088
1.2327039925978929,11.73216664457496
1.2055244948114772,14.324991529011523
1.2548058711075571,11.032690686546939
1.254505307475273,10.995561107407752
1.2908620473778851,9.455168045768401
1.3099765933167322,9.171950296172426
1.2626883919329217,10.708550501744453
1.2245050177310788,12.902703272323773
1.25111250542598,11.428682179996207
1.2474896828727646,11.372260756226977
1.2509791649005462,11.42025214075076
1.23598564418131,11.849555298421162
1.2648776936614696,10.339988878523027
1.289493384617894,9.655538823261786
1.2890259089987215,9.482157266372399
1.29470463796943,9.718197805369513
1.29470463796943,9.718197805369513
1.2794055573494063,9.994067682896464
1.2773374570461373,10.380499560172002
1.2957301992374415,9.64465987417534
1.3052915963109817,9.157123485493601
1.335636055132847,8.446073861409767
1.3332800973185701,8.333322275709735
1.3331616629155134,8.427719357021314
1.335637573442424,8.500233955918164
1.3168567620431035,8.763187818142887
1.309153144251875,8.94823560220779
1.3024293119341073,9.047339712645808
1.350996975454038,7.796451399430821
1.1928375773088704,14.436265233194966
1.198060745954756,14.708959216179192
1.2033684925324248,14.404091826419826
1.2994985485507848,9.432236408289048
1.2917415988988068,9.516941597261573
1.253807545138967,11.349578139319398
1.2328273023088447,12.12951495570731
1.2565409427504253,11.073603370670066
1.2326008557016095,12.252914598350245
1.2449946165458234,11.566187704645206
1.2632916853871154,10.967204597118467
1.2143601651228972,13.871523545582546
1.20826641736071,13.721861361007548
1.1968027874703884,14.421444148437965
1.1958536340231465,14.570328009673515
1.1978401477666214,14.641670861490097
1.2086541147043592,13.71939742486364
1.2772563926868312,10.22091935676226
1.1984206790397884,13.86101412276993
1.240620936112749,11.391167114757918
1.25969435514318,10.922085967731526
1.2166042697437474,13.39480193604106
1.2139071802453538,13.333206085150655
1.2793282664232166,10.05109732972619
1.2813042940610717,10.107020861948781
1.2782230543739317,10.086262156261244
1.2847904102505596,9.90932662653277
1.2548269705360664,11.359610914415855
1.240057278108147,12.045255412867933
1.1791042972914993,16.556320964295793
1.178360980047937,16.592720450354033
1.1800267933975626,16.662579900496194
1.1727194674194592,16.29120658666191
1.2872783431971189,9.662996588050577
1.2881136030213167,9.601366254570792
1.2834196285770947,9.841752989339534
1.288623775164126,9.809868704721483
1.2503254042788505,11.515291938426092
1.2503254042788505,11.515291938426092
1.241653190059948,11.945095799641615
1.2316636199131343,12.475708075151902
1.249616448609789,11.531011664066316
1.241483472459984,11.52419134674861
1.2627163254843465,10.819029752593924
1.2658292958291906,10.894931176598854
1.2658292958291906,10.894931176598854
1.2281614803874437,12.877850406609088
1.2266438584228894,12.78067024901042
1.2341920087124079,11.948949219669398
1.199341942363694,13.603112354283272
1.2353470592930458,11.568450495145731
1.1988607031230543,15.117316893118206
1.187950365527453,14.654882119514419
1.2011347644893913,14.576824678246036
1.2132500916399778,13.473183120073955
1.2678126093559379,10.664312318840903
1.2732567746656762,10.388601899127352
1.2694667108685187,10.7432647756247
1.2830277652820545,10.043984052430144
1.2930861539015053,9.908194549113848
1.2625477125552793,10.678918796756289
1.2704108948867874,10.443957056893966
1.2999599945394222,9.461402413203064
1.2986634138771873,9.534548741584116
1.2931898137393372,9.542437981807636
1.2877664047497084,9.930737115771919
1.2189804502031292,13.087437031662486
1.1839089713937372,15.730848796439215
1.1839089713937372,15.730848796439215
1.1818590057108105,15.982091141157175
1.1844154965522435,15.211782532662799
1.190258132648632,15.231775328476273
1.1872704020062184,14.916448928222096
1.1842784409022895,15.95251424830541
1.2112754863939954,13.237747003347637
1.2174449962073437,12.723016939323134
1.1751274514982937,16.115265314095193
1.1780185067094355,16.123483989167525
1.1760160206081898,16.393117643047177
1.1698890607675394,16.878618084607847
1.1738064872759635,16.619556614595705
1.1857332419745525,15.546600333625204
1.1786181989164195,15.871269153121709
1.187552222447938,15.70099282420059
1.1954179300629506,14.735225894358841
1.1861170746652305,14.518228475271986
1.1750444065098635,16.318241556447983
1.1750444065098635,16.318241556447983
1.1763025109109344,16.32956524336255
1.1763025109109344,16.32956524336255
1.1741342315561059,16.171106642123267
1.1796143937623529,16.29060510889615
1.192169116171724,15.539335617902973
1.3239347456562722,8.451475128861901
1.336612741302572,8.49792813564486
1.3360671535298838,8.464576945706668
1.3202897007938594,8.738392922505543
1.3202897007938594,8.738392922505543
1.3234929462392304,8.775042347587844
1.3197481516667031,8.90145557799788
1.247260784839927,11.522089425099436
1.2050572281224494,13.78853828329138
1.2139411152520396,13.345924237427559
1.211875790857846,13.470077603520938
1.214158465251916,13.399835444755665
1.2693651592972521,10.486315215417958
1.2962735174108901,9.590857698301598
1.2862792215109409,9.752774121690704
1.2633030623011303,10.614731721742778
1.2101857868222436,13.722537359020851
1.2101857868222436,13.722537359020851
1.21020619402456,13.805800116396517
1.1908257013548127,14.833765588614481
1.2758067672684235,10.257392384802893
1.2758067672684235,10.257392384802893
1.2765092038404655,10.374677498143773
1.2777049855362528,10.391810216190512
1.2777798901894855,10.35189837296458
1.2777798901894855,10.35189837296458
1.268449947741622,10.790853681812067
1.2133216376248241,12.942517261336397
1.2159529246527236,12.936127202407173
1.20772424011505,13.798418487107382
1.2101267101613695,13.596260627628938
1.2554259571924462,11.113907166025916
1.2523163353992148,10.970520512995636
1.2041160103644901,13.86292006292098
1.2319762533815635,12.53436865920261
1.2297667444467406,12.446646471507908
1.19174352557631,14.898711148017252
1.192645647049699,14.869178111531966
1.234393078210685,12.364504463117616
1.237150607061271,12.208213803542073
1.2086687777518832,13.909186474816922
1.2041911747141794,13.783321926122749
1.1855300408149336,15.538919897486911
1.2103816796631957,13.741826526701704
1.2091768904107296,13.575572485139405
1.208442750938566,13.398661790158052
1.2106050385075289,13.513982273735568
1.2557978920622597,11.232699359644746
1.3306345603184255,8.601566559064596
1.3367689480876288,8.608482955609384
1.3380884253619703,8.61371049471151
1.2833490273252166,9.634512626792816
1.2824384559523132,9.681346972846253
1.2871152666407397,9.856144605287477
1.2670863771951941,10.584533466686642
1.2557548011396982,11.340972512865077
1.2643831456692263,10.949933021934058
1.2014435664254743,14.027266274729763
1.2447168622149603,11.713399604106074
1.2385299143071686,12.317740332141172
1.2509567646828588,11.15925373974925
1.2340848866707488,11.839438602176322
1.2013921641227188,13.73924213647214
1.2135368261342754,13.726592347467042
1.2210793625151288,13.068623679669548
1.2661200236987808,10.390538649310425
1.2727974891330285,10.524882235206155
1.2731548294150412,10.481374184288905
1.24372540894107,11.647106191838157
1.2270475682520448,12.055357481637909
1.2404610020632065,11.59388954159271
1.2399846037948419,11.628598004089325
1.254967796088354,11.324243537010496
1.2454440655347214,12.006843766320653
1.2424527259588427,11.914382725213743
1.1959718147084428,14.255298873930856
1.2037834376398275,13.604958638969316
1.2049394376648455,13.72656814194765
1.2107739044985792,13.71850651784981
1.2294793044180892,12.340030048959704
1.252235724739006,11.42753029069172
1.2378869718335879,11.839214208439403
1.2307968563617258,12.027572547626809
1.2378312744625644,12.27021066381661
1.2342417572375683,11.961236795985267
1.2354970045282472,12.387966119106416
1.2468946780436938,11.323164925824681
1.2341369324540843,11.98468893493152
1.2520356416007952,11.225193560294619
1.2527209628621623,11.117913058283513
1.2516092087088253,11.056443604451422
1.2273770950260783,12.599859144237342
1.2191479647401788,12.886103647224358
1.2720781796177583,10.441181444391693
1.2482528272375994,11.264851308308431
1.3583496835567357,7.972765271727911
1.3492515852504186,8.100016163474796
1.3185342586542883,8.889834479767531
1.3007305972282635,9.254453200488967
1.3247662994605192,8.870173316170142
1.2943241026621606,9.646021593415204
1.278908139482357,9.927336986591222
1.2502750309621762,11.487531383844138
1.2463665871020764,11.429706550498175
1.223714418296365,12.654750950069099
1.2404950687991436,12.169922082732949
1.2792239043655267,10.340294489950594
1.3117111751120563,9.307954115160898
1.3006948543153418,9.426353609002568
1.3006948543153418,9.426353609002568
1.241707932770731,11.919895027578516
1.2379975703637542,11.755947865686357
1.208591918826663,14.083102483305
1.227321365735048,12.942827945226208
1.2183710197280448,12.663492264718828
1.182896527476864,16.081566517870336
1.189656000534354,14.81298576338591
1.1900689927676034,14.694516114816325
1.2175096760069772,13.613736834298283
1.2718424919061495,10.428911122215673
1.2524635445230101,11.20902622593906
1.251890852599204,11.325594902721837
1.2548476658979704,11.45300574660044
1.2897692406833656,9.739055950440854
1.2924700210915228,9.776013462823801
1.2950071359505944,9.555788232734505
1.230522233466278,12.037598265908635
1.2123472426332762,13.046260839399674
1.2399400889341126,12.062265651524426
1.2719164577928135,10.295704748568454
1.2633110428347374,10.762076571582433
1.206870066548574,13.731854406618835
1.2077707205102346,13.73815072181462
1.2073602223382327,13.510773242347803
1.2137076784878131,13.098765544466545
1.2812762889503266,9.914080697679722
1.2860535392619052,9.837025671730494
1.2869357977418576,9.816366364033653
1.2815281205653908,10.132445352350572
1.2813060331520911,10.14366468919861
1.2738076610508853,10.377955700468656
1.2277345360601015,12.6173513625197
1.2249651041294236,12.593771234814856
1.242882709335288,11.374624982120528
1.2279382073707843,12.902342684402443
1.2268197495848796,12.679663893036343
1.2441360883760972,11.546594967103903
1.1985684384491349,14.553186194541645
1.1921933103064126,15.23712501995018
1.1896501659782006,14.621363013144924
1.2250911707491436,12.32757264859718
1.2607359208681115,10.88034716082509
1.3640965779372638,7.824727982977141
1.3576296454999868,7.846269635982754
1.3735958378301354,7.382136090082079
1.3689869422574488,7.836856184288716
1.3658579298198632,7.707602403032112
1.3555032991545448,7.886206040502939
1.3574220078263741,7.799683941984749
1.3398386664669846,8.51182751957733
1.2281377315277509,12.959167686553688
1.2019478977849092,13.679809512745232
1.207372475426781,14.310288261608735
1.2799975641006973,10.154024421219951
1.2735032351442324,10.44820967246691
1.2358993456104004,12.295567646879737
1.2404876152533393,11.617645988225217
1.209825041546424,13.261407709005484
1.212093640816341,13.290215260713898
1.2734771161873055,10.22853510828808
1.2481156803639704,11.483144791918
1.2540522878204108,11.59541361724075
1.2545932121482888,11.5691655738298
1.2553400529858316,11.562589928004787
1.2503240974485903,11.350984588677827
1.249138599226445,11.385695062214172
1.2640500545393276,10.890188484244982
1.2715413015011645,10.51173242814631
1.2652730663083114,10.557831684388601
1.247909326594786,11.491082090947685
1.2960218784542636,9.513797725714275
1.294194634900619,9.333898509458404
1.2714140576671147,10.799316063737553
1.2159571377765113,12.855391752849302
1.2152550189901166,12.81990542652198
1.2383269398742482,12.283480536645223
1.2274320735386122,12.925216684308396
1.282783592852164,10.003958744661706
1.2546220064076163,11.302099559772818
1.2795711022663498,10.246998783852305
1.213156177049303,13.249011193765808
1.2524000542205445,11.452044539345865
1.2827183585981763,10.137956751010654
1.231700555000375,12.63026781774192
1.2445440542545343,11.314983699951421
1.2488202326908817,11.289793394788648
1.251533568090743,11.40752872664739
1.216468804432702,13.044882396772405
1.3132909927786665,9.06977186422819
1.2000478542061472,14.307236381901062
1.2729801418536708,10.168092179527957
1.2666866171337023,10.463779577995453
1.2995529616339097,9.572781058297982
1.297689206684604,9.328711365078318
1.2131612683421065,13.71036545051967
1.2131612683421065,13.71036545051967
1.2131612683421065,13.71036545051967
1.2570723109774424,11.278068088443124
1.2575267569159028,11.282682990517396
1.1841018281540352,15.60807777342804
1.3246196011184557,8.615349639925245
1.3246837984760058,8.761677596660823
1.3244006891544522,8.765401295323862
1.293957170716362,9.528241359190655
1.295133066776156,9.51973836438644
1.2859559346302407,9.799855640671
1.2708390156217502,10.34063524866956
1.2191318553623023,12.839084358782465
1.2191312492526425,13.188816095366061
1.200723815427503,14.398436176075872
1.1969110764360933,14.687093577897722
1.2064712743397175,13.97191593646167
1.1855528197311855,15.503364809218166
1.2653824382439895,10.616031455401302
1.2448689169942195,11.724090226650349
1.2474953360052763,11.78654863278979
1.2474953360052763,11.78654863278979
1.2631718796623863,11.010491100390364
1.2361471296725286,11.732611952153478
1.2545626381593187,11.280956040028482
1.2085058370404242,14.185873394619659
1.227997458411158,12.184281483907112
1.2564728598275683,11.092194264567123
1.2292375947923762,12.29626595848716
1.2427455823943427,11.737107835009317
1.251140466148589,11.37136260043572
1.243351354405031,11.23396759483904
1.2432823066375314,11.23984021836029
1.2440642043817032,11.602063239161303
1.2251590470655227,12.7327655819311
1.219533488640818,13.091845290096064
1.219498560850991,12.896223125723736
1.218242358884076,13.202468279290622
1.2547250088691722,11.076898937969352
1.2907443472602944,9.689738232121686
1.1988211481928965,14.239020760358523
1.1969412344747523,14.379751416313498
1.2234064320017703,12.83738930050672
1.2283923359347393,12.401912361362694
1.256494897902812,11.167502998418199
1.2300655878470408,12.23921480093574
1.2467580904014886,11.408087746341279
1.2432932434334276,11.247087105718546
1.2510609113753155,11.298279687919514
1.2942124255078515,9.562817423936778
1.3122871038708441,9.02560230827947
1.3290268947875856,8.551331107452784
1.2994297292375683,9.717287301630945
1.2952397505593043,9.597634958560688
1.2919895020454604,9.47783903699379
1.2947906272282081,9.603375384577367
1.2437526882961385,11.708088532521268
1.2439654022755617,11.74133363060455
1.287545574850441,9.828002776245375
1.2906690687420654,9.727197609579532
1.2407320916040776,12.021290524537092
1.2826766289250444,9.628836056927382
1.2853356619546519,10.244811060982437
1.257980564657635,11.318219923763687
1.1965708257720817,14.329810967600592
1.2364526592383895,11.899662030883082
1.2364526592383895,11.899662030883082
1.2451204534812186,11.578568621965847
1.2492120848730692,11.517068245804984
1.2508485666526958,11.422706652400665
1.2859152480806917,9.848634947393323
1.2224406565442572,12.964724390187808
1.2198445047779527,12.980049416056039
1.2328555976512117,12.358690283174704
1.2385491728252773,11.784760742774274
1.227772424801278,11.90209879698632
1.222771880069708,12.171641056966703
1.2205156915300264,12.712953165755604
1.2764707400284674,10.078955779971936
1.29000182804409,9.772280624971577
1.2161290106991491,13.252476732557607
1.2858661600013739,9.87084418338512
1.211976813593721,13.372840491632152
1.2624831463234132,10.841571809852132
1.2529950565054953,11.317820200459165
1.2658151186978144,10.572688417423203
1.2658151186978144,10.572688417423203
1.2461639958191002,11.389520294220812
1.22161792192281,13.050829386310367
1.2089605868505016,13.687867672060912
1.242934133622658,11.651838190295468
1.265875755032768,10.68342710688337
1.2466638601139868,11.727416170044375
1.2289625196860936,12.746138966370271
1.2229268251784713,12.926469486792826
1.2243196349680996,12.96879711639642
1.2212893963677869,12.880867334378731
1.2116756178799521,13.522809783391036
1.2620627047635935,10.589363381740764
1.2003434173318535,13.937256940034754
1.1989103841996487,14.39339345235809
1.1912850339927321,14.342069663956204
1.1919927101843126,14.934842027873442
1.1928262071397246,14.840118678897868
1.249651061314819,11.34760723385787
1.2450046398307861,11.51801089171748
1.226471251907206,12.66985904471676
1.2164590895717151,13.050046182315505
1.222247898679122,12.92153236769722
1.2209343202645424,12.826370237334341
1.228708961875489,12.591114250933563
1.2301240298979315,12.729095303579122
1.2692489715720368,10.459065953162346
1.2747625889089336,10.582878211777025
1.2212810382749724,13.032161499659313
1.2157882344375726,13.46212019033115
1.2092823463063136,13.750804843061479
1.205153743390563,13.69892166397002
1.2244941897245112,12.391534666365027
1.233467301743781,12.550714919304445
1.221870414868045,12.502883116079486
1.221474607485939,13.137029777918752
1.2203809065255806,13.079865477530559
1.1990653768253505,14.252812554339654
1.1993124348410897,14.259099733606787
1.1973417449715604,14.177360088298999
1.1979683094635343,14.181280047208059
1.2498472194822334,11.436914846290232
1.272363431928892,9.99857893558308
1.2551020894484424,10.628007335725211
1.2588445753837818,10.64082185015228
1.2661165674550665,11.058841456265515
1.2640249941783792,11.065591747964518
1.260827845761247,10.990400494269453
1.199290875598827,14.131611315777947
1.211423921598133,14.29018864869973
1.2067250548055677,14.286064959500925
1.2063345507032648,14.278996042017003
1.2337840284440105,11.861098674485302
1.213470768955209,13.72227565656895
1.2218872792721454,13.061377790853463
1.2879143962787443,9.970301351332614
1.282983929106266,9.85630835854075
1.2840386843725933,9.96234397428477
1.2861900160398754,9.801158163349642
1.2368788086145273,11.696010290665969
1.236858697181273,11.687586138627536
1.2324242105163483,11.603417113810442
1.2420197550830203,11.730242626570979
1.2345725654607904,11.8669124929508
1.2425956007045962,12.132833771027258
1.2779877377933724,10.352590660397594
1.2645361127891765,10.729443311970343
1.2675846858840079,10.88583042516971
1.2366623494119717,12.262198179645463
1.2221151672803194,13.143649414863251
1.224718815336939,13.168384901368652
1.2221419002833662,13.11006476276245
1.206181286582738,13.164821778770492
1.2285258341963168,12.140233824496399
1.2318835295271833,12.19697175674986
1.2128259313182124,13.370516731819672
1.2607140451420216,10.945417611605968
1.2578912553236952,11.12724586308662
1.2498211818348874,11.122086907441817
1.245185088132609,11.85246663500048
1.2358832857711006,11.629883475816355
1.231954590437387,12.879688063595815
1.2257240995765077,12.699285962741978
1.2590625471002346,10.988714811503087
1.2605699113587063,11.196503011713421
1.243417100580281,11.531646626648973
1.2491652076649058,11.562278574839699
1.195848702296463,14.67939636217179
1.1883819909219242,14.95967399611359
1.198284133145368,14.89452009857557
1.1903119307459027,14.856524814797444
1.18802142394693,14.715479219119455
1.194966529715189,15.190078185031368
1.1874579049110832,14.947488200889927
1.1998531487713808,14.819945516284076
1.2259526994849321,12.179251391081591
1.2587383936562166,11.247640201432956
1.2595956567254356,11.222557258986914
1.2492815695446349,11.182489564659202
1.2492815695446349,11.182489564659202
1.2344959566821636,11.757608593190458
1.230979294023403,11.69543248973787
1.2447871876903485,12.067051977295094
1.2212281434753627,13.250768184497332
1.2179020945641932,13.214021269015438
1.176748826117837,15.984531899643263
1.1796175646618792,16.119171105008128
1.1947145957764758,14.81808120099276
1.22344236134587,12.54879026722078
1.2922974628459214,9.680062464625111
1.2894364042717779,9.886948058292825
1.2902531477994048,9.701052479471159
1.2902531477994048,9.701052479471159
1.2367636407168914,12.031937432118525
1.2205299976782025,12.73822721459533
1.231211430521747,12.637912616081906
1.2239227694103754,12.73558420710895
1.2617279538503616,10.807779504809853
1.2615445164551107,10.700106981461941
1.2444545377577567,11.81968058554605
1.2793330877948044,10.269424567554127
1.2738082329208518,10.228041959332707
1.2753457168998987,10.237916892259356
1.265515008926066,10.697867802656148
1.2313603297881135,12.10279115661067
1.2525585424848489,11.27861921893314
1.2360765530880926,12.098091099778925
1.2641568357107211,10.65753654148146
1.2310938107549902,12.151039481869264
1.2350457783038158,12.192414050385215
1.2032709190856499,13.80633286282362
1.2256471015117694,12.739010655924654
1.2911995911097296,9.836635014487248
1.3257964867195962,8.76393289002954
1.3236607089792882,8.742276010404366
1.3077856600260356,9.260189031199388
1.307300660030447,9.255882813629594
1.297696175228528,9.596301398844231
1.302784683729878,9.222350257769506
1.2496077909571819,11.320204107119872
1.27950388102764,10.026485795463298
1.2913339637951344,9.708989001167119
1.2748624711713232,10.12893784541686
1.2760376384874008,10.13985372669268
1.2321237831488547,12.411927399086643
1.2382317504625613,12.130048466081961
1.2315885044849542,12.013695137230593
1.2384615781087556,12.028075116900554
1.2372754942646613,11.965475659091396
1.301466730204547,9.380489549662222
1.3039497977198224,9.425373744412168
1.2609873426676543,11.080022898107812
1.2535980783726102,11.084517679802694
1.2489632440864058,11.371519474974882
1.231191968991121,12.277701658202076
1.2415090720626791,11.628876025037496
1.310487034741047,8.94388430480154
1.3152930931441882,9.009122437867502
1.3107255740586146,9.022661608585238
1.2507112327465801,11.01883805858739
1.251155351223085,11.075674322077909
1.2477929176917415,10.95583431852291
1.2530482633818416,11.048490651341552
1.23731350913731,12.026081293559674
1.244499953306978,11.66003945682183
1.2521197041194292,11.194408494426845
1.1871334950138477,15.13458543662386
1.1845658568177324,15.065171048396715
1.3000671459521131,9.296925401256058
1.3117019895834323,9.217672156167637
1.306889363406687,9.231534598626887
1.3009794570263344,9.256959972220237
1.293309732620095,9.681084747063748
1.2486624636699615,11.781671926290532
1.2456892818337981,11.620298001255588
1.2361368510171888,11.999840346351256
1.2371504304214525,11.933059461974272
1.2095471103861883,13.45677258553723
1.1963578673790871,14.69575496226707
1.1935381655318302,14.81431576113119
1.2021937138243444,14.145288476288226
1.2425132603224294,11.619441458618924
1.245841064843024,11.71694227223087
1.2439519118855982,11.694271843574615
1.2283413555615006,12.611093151066187
1.2280613185283904,12.752349821257674
1.2260843805132604,12.640228547693638
1.2315960350952937,12.821054880139465
1.2202414518893956,12.69676198401785
1.2304506126976487,12.669370665893865
1.2254693001984047,12.620492093152038
1.2321838437746022,12.574687153148465
1.2609058734614724,10.990034146336956
1.281164502657593,9.943081684163776
1.334200225512004,8.553029604093854
1.2668255853828398,10.502134589607563
1.2663278346581472,10.519434422405844
1.2446959980632566,11.907464524419428
1.2580608178097579,10.90469013135624
1.2162399751040334,13.073925728919553
1.2183715837762714,13.31752644402719
1.2036053040810644,13.788457134218012
1.280362339482092,10.408495107455918
1.2733997109937205,10.580366902571456
1.2618385761048097,10.452978427493221
1.192605528821303,15.101738036390019
1.2150602546830036,13.192559547186889
1.2281812453749728,12.673031738739894
1.2431746462075448,11.644082697123057
1.2398795407234675,11.943545306407373
1.278397430640022,10.092343002178955
1.1919658692077062,14.200028081690204
1.2011816986068198,14.285042329151441
1.2016866220429903,14.260978761621287
1.2078785735838828,13.803786909916242
1.2152241017474585,13.069689643771545
1.1901185792141487,15.607916059574194
1.1792779763058738,15.551996072730603
1.1817886140007325,15.539886280845108
1.1823763208181703,15.880847098204287
1.1789232013857078,15.885588858715236
1.213892754221195,13.726555482709914
1.231624715900123,12.413707224085664
1.2137453245774144,13.23654440314967
1.299874990450749,9.517838673531049
1.2794520372559022,10.00912417126623
1.2776800556186683,9.971069389634257
1.27618934840946,10.170835409304313
1.276860128956215,10.176440231269057
1.275671597254438,10.177968877673797
1.277065070547106,10.255450866843379
1.194886291331456,15.101490456747877
1.1888126817370182,14.912709957707225
1.243712054477095,11.77428156316519
1.2261706047611085,12.367531260493612
1.2381463525626486,12.388210130466785
1.2628732657661699,10.392801426560052
1.2698193769895223,10.508685820071447
1.2668743857015,10.488008520649839
1.271253284146654,10.180081214738355
1.2641107482232457,11.012514347719973
1.25657834500519,10.738252068656305
1.284886323929059,9.596654513169241
1.286552607936883,9.676482728651164
1.290133446929,9.838378855169934
1.284241644657917,9.868614802612976
1.2297126818466118,12.371798970134172
1.2481680797838155,11.465972071290027
1.2253154645785498,12.529995732410482
1.2257831954378928,12.598460446507888
1.2338872076840248,11.911504526609463
1.2895858509844762,9.813040506165699
1.2252987723815243,12.849047491007555
1.2019801975279625,14.32217466944683
1.2056040911772745,14.041482260421807
1.1819225969828187,15.801224338119878
1.1857033074465326,15.68418068014033
1.17745567560849,15.687011874808682
1.1473221662944846,18.331162595384384
1.1473221662944846,18.331162595384384
1.24270807781168,11.732433587143378
1.1898806458594366,14.739599040110443
1.2242694396528884,12.447555140917245
1.2245460811265965,12.463595566060254
1.2144429104190295,13.11215929693433
1.2144429104190295,13.11215929693433
1.2150257163192644,13.40788694404483
1.2433367163611515,11.773114611918455
1.2423354583599333,11.714684887817981
1.2636842671784199,10.739611862831271
1.2624255119235104,10.707593454663584
1.2580468412340757,10.989486333303779
1.2803038411784486,10.334343189350374
1.2625587070484596,10.81521869347384
1.279873094875275,10.118689894570302
1.2452527428124376,11.561813793499462
1.1663952019431942,17.144553516204216
1.1700053577123315,17.214333687110987
1.1492904162533744,18.77197188648257
1.1664962869619144,18.56813459209385
1.1602319753670705,18.530759705452144
1.1546831682606753,18.14811053423329
1.152165542977215,18.143989297000694
1.1512608222798486,19.543615209378224
1.15187365109328,19.56210277510005
1.1525294691344388,19.59334782652098
1.1483979255109324,19.52162065967188
1.1507082997995504,18.765266709210426
1.1512049349882336,18.767973518839202
1.1393875792746448,19.868967218022217
1.2770240524816638,10.428632761967634
1.2216962833771068,12.943461746230398
1.220008838280156,12.884017867342608
1.2226844278664566,12.756878017722167
1.247203178495394,11.500356750278616
1.2772409129328877,10.205350670677557
1.2763992336978143,10.213731071264199
1.2790265972783672,10.194637156928094
1.2825312992662932,10.241963665012754
1.2774588782753236,10.22588698831474
1.3143067963992496,8.997671602542983
1.3204935178949821,8.904141319432362
1.3190904874046723,8.831802427845103
1.3138910148229284,9.040676456573692
1.3210539423512446,8.77350648093334
1.3197800737220433,8.793120737373622
1.3236125981627023,8.703685986057126
1.241048260594579,11.847775935191429
1.2241984652333473,12.665147550291385
1.21071166459213,13.552015304948233
1.21654387326969,12.868894419671987
1.2876338905923783,9.946643928453659
1.3035706260125588,9.527092711225988
1.3040685223446722,9.512955477632143
1.2558339843219823,11.198090467359098
1.2438918944405735,11.936592545655564
1.2433203584086192,11.951248089424551
1.266743903431649,10.927936734837632
1.2668371691788405,10.996113830168555
1.2680382793164624,10.216261656302883
1.2704533103107283,10.283974103266704
1.2577026936480344,10.906616765882918
1.2601409739308633,10.819264772480329
1.2197551349644653,13.097684491212833
1.2460519921051598,11.795275268636248
1.3122222446063088,9.326981278091665
1.3174632522615835,9.33487191714731
1.3045082856662509,8.938404529323662
1.3114447913757197,9.133632998794305
1.3078875019306018,9.170288424142452
1.3078875019306018,9.170288424142452
1.3094791763486373,8.9726592854224
1.2567747621355547,11.219940971116056
1.2298249275488586,12.588865124181186
1.2029957210516482,14.620266977754474
1.228838584097966,12.09040234780705
1.2670452912607983,10.53263050028363
1.26113892217313,10.394522434465102
1.2805325235403444,10.390478887589314
1.2755895776296986,10.28793783089562
1.2805561990844616,10.410686004640727
1.272062391208189,10.113084047513395
1.2537394152299666,11.059018168158607
1.2528588453246134,11.153026319507877
1.2285816509958634,12.244625263548434
1.23037768440555,12.301640185433115
1.2380743029661572,12.024237880769407
1.2098921940583338,13.537347053183401
1.2736783472263655,10.410888425854958
1.2695248795683354,10.303849728427464
1.2644301175162564,10.27741066275349
1.2654441696153602,10.399211204890324
1.2465061818130998,11.587777546029423
1.2558159059100766,11.080165140046702
1.2230524064084993,12.706557455731945
1.2792316970164928,10.107472758618842
1.22986642678156,12.083917328473422
1.2543558666427144,11.006820890306853
1.2562397525477695,11.00634702110236
1.276640474454888,10.275515007538086
1.276640474454888,10.275515007538086
1.246288020603794,12.08643420311228
1.2416619562982079,11.998446982973704
1.22863265036034,12.267060561390295
1.225961894108899,12.239889121528039
1.2694348486915183,10.211962801533685
1.2769474951002546,10.001598603239247
1.2930039680825258,9.939064697133208
1.2956874823383675,9.622140024964219
1.309944496447466,9.174554892516166
1.3103121232147865,9.258519685166362
1.3080189621350196,9.214725711311475
1.307829207529852,9.132464220141543
1.3288926398263965,8.622963927792576
1.3160907294235327,9.059681682639727
1.3187010303535862,9.112310028716362
1.3145051010728044,8.910964352824749
1.314370776621749,8.917291016030646
1.315580990178606,8.972198170646442
1.3185829517834897,9.013177465689001
1.2598584271276259,11.07678828900091
1.2351926770518535,12.281270697152799
1.2267810280464557,12.940449753265225
1.2419529204357693,11.462955503987596
1.2177110143401166,12.595365075443521
1.230334095459479,12.17246513247079
1.2789524620696822,10.111488684724142
1.2398632971444215,11.842251957970644
1.2440301063471157,11.544613533458401
1.2542485985144292,11.41653148781687
1.2481866323627768,11.453631100070881
1.2701458972180704,10.423725888206574
1.2713540777255987,10.540870508605732
1.2750913110182494,10.36885269510789
1.27045752321203,10.71263381604186
1.2548709245916516,10.893340969042908
1.2412350345159633,12.013752184094889
1.2530702926770512,11.180228575797896
1.2101245715062503,13.526730789795646
1.2150750587736616,13.254112362409781
1.2130196776000228,13.258122909031853
1.2785623180266499,10.299031925308157
1.2738274757345984,10.363689177923144
1.2722754819119262,10.3795331425222
1.252592925675376,11.171274414876077
1.250718780714859,11.261291130341139
1.2426140327685855,11.215161553162321
1.238559168137375,11.160682440811545
1.2484823655274604,11.325021651062933
1.2367838248188494,11.795503996069025
1.248780981218912,11.096103051732273
1.2412511968645987,12.10233664614773
1.2354004718534002,12.030740885947594
1.2522751992811387,11.029658326647763
1.3215399462168635,8.711549237174529
1.3281008724162537,8.607479089623306
1.3224050646590995,8.730723820524084
1.3050160904775374,9.237667785527705
1.3053093121582737,9.300177000136712
1.258804985086924,11.244278910317453
1.2450354044114187,11.88666209911254
1.259400135177369,10.999198316438328
1.2656123391921756,11.047001777988696
1.1951023540943575,14.138090466383991
1.2015374412312694,14.298238158679908
1.1915300788550358,14.85517697888333
1.1820276182746101,15.131807535828571
1.186357559833712,15.141851231173305
1.191698673847139,15.080319855232391
1.2509971219136802,11.262621652343123
1.2220459364033325,12.55623088931501
1.251294227015402,11.376784425309017
1.2474443657331513,11.266689385799191
1.248003126241509,11.434647056831556
1.2794342747598957,10.384546674002618
1.1962237436463679,14.313422543189729
1.2115853840789468,14.072651734410918
1.2044556372969746,13.844812269243025
1.2303184761678299,12.471993581482653
1.2261082531839846,12.395717227889786
1.2203664831728311,12.350547633796277
1.2241132094466736,12.446254865309802
1.228248272154011,12.51984413834561
1.2488435293268787,11.311196539401081
1.2464193102169827,11.449759261650414
1.2293104018459815,12.050032586737304
1.2366916617355652,11.709649069459134
1.2435445917046555,11.907094570510374
1.2432383811164107,11.55092147106809
1.2404949167660164,11.507028099952445
1.2289021063529055,12.407392656680331
1.2448117671611985,11.370120495726395
1.2424411407091622,11.357220764505579
1.2551389273654379,11.422331421496704
1.2544566531145567,11.405420214041966
1.2539287750682508,11.374476908601164
1.2461514159721234,11.744194170351234
1.2468367952754367,11.78781185330149
1.227237931746805,12.515318013327619
1.2250842488064193,12.549189141227469
1.2213687765202113,12.546924011511674
1.2261103025769604,12.86247922998951
1.2318221129260314,12.63938845674755
1.2421623382660114,11.440854144311599
1.2347340187186306,12.076739386246988
1.2025564721432709,14.185381487865968
1.2057835746048267,14.118019537388802
1.2062179493175105,13.84518752410811
1.2120001296344338,13.936875736346748
1.2133232016132656,13.94440894221863
1.2064864742918178,13.910403680530361
1.2024148184569723,14.051773936406873
1.2157850093393443,13.184208575995504
1.191403580012431,14.97850032204766
1.2494723918690525,11.401208285650984
1.2570069622128242,11.155568776488476
1.293222575033782,9.893513090738491
1.3074710398399214,9.485720108443466
1.2503577374058255,11.699814990667496
1.2246594994489435,12.673135622122686
1.1895113248385323,15.12837371553077
1.191523637512767,15.134066743358487
1.193082590317983,15.240110098480555
1.183168352172579,15.266010733667962
1.1821341641442948,15.210988624760132
1.315423523254523,8.862829048648178
1.2586890009696328,11.061346964915648
1.2606648856373517,11.022625017678786
1.2516648598778952,11.121526415253275
1.2603041396590648,11.174613969533986
1.2496449526490427,11.720936748653726
1.2439635267869749,11.616335958446086
1.264134871867813,10.818400813917957
1.315570583032726,9.062631079672846
1.3177541847922642,9.097270013815312
1.327481304995559,8.498266880603335
1.2895419657644402,9.698725778854168
1.2516186849401043,11.261841719927352
1.2470133475872625,11.149828146173553
1.2936062593371065,9.868109668994578
1.2381525890928098,11.584810060518798
1.2426614449521154,11.747523998354279
1.2428472303017104,11.541573869831357
1.2189869300894038,13.236890234896865
1.2148217655461784,13.071209669785958
1.2166221498814402,13.333859773133199
1.2446622343543314,11.55100648586596
1.2518841382134585,11.58625699634593
1.2507623410912834,11.292552655317948
1.2304332765189996,12.26050412525784
1.2331934969477927,12.2469123817854
1.232862405315801,12.367321052585101
1.2068677199055058,13.689052266371606
1.253015801257858,11.271923092387553
1.251005013593155,11.16367321309033
1.2554402940401803,10.89001226720772
1.2495148098746256,11.340674825532995
1.2891909678956712,9.850704507494985
1.2858742283248763,9.917252208594894
1.2442082919633017,11.636767202994685
1.2466746684255692,11.678281762916013
1.235823356136444,11.906884104883634
1.2379954973281662,11.917174299133784
1.2987113272931738,9.480967357643099
1.3067214912588738,9.115229976298744
1.2417698944505517,11.767515177311138
1.2375212497093926,11.797627680839778
1.2966153864331906,9.391602944793808
1.20435582605344,14.25901639741639
1.1834452816092147,15.033411464061105
1.1837742281170138,15.270328713677593
1.188371417916224,15.221436614294491
1.2604754934300755,11.068459883834027
1.2431376197556645,11.845049823914938
1.2416220165457512,11.61957304060871
1.3031886646543394,9.363298687341274
1.191168545340402,15.300931976701634
1.191168545340402,15.300931976701634
1.1673361665331417,17.56576212682439
1.2285614108254959,12.734687620861438
1.2290616775784309,12.73185701724015
1.2406228704641964,12.060964320745782
1.2139100510081384,13.32308763252917
1.2141122325535771,13.348247675063782
1.242001093796545,11.695325619564342
1.232154066646601,12.204658548648496
1.232154066646601,12.204658548648496
1.2499387828213813,11.22960161363456
1.207333529215929,13.567336057328944
1.2076828321168662,13.614745303322465
1.2965854009122313,9.592017017294552
1.2524635622925453,11.310711607199668
1.2550665147018734,11.1822798646809
1.2275569523001968,12.566033323515315
1.232646743697339,12.200173958970916
1.263975511238809,11.250364579487849
1.276687255502786,10.255963982159408
1.30962497015837,9.078023669520595
1.2239595895231288,13.283361296028541
1.2491128273814263,11.459242051180633
1.2306373842219884,12.375941710598317
1.2634723510977122,10.538441156548913
1.2608142107690468,11.013992749710336
1.2272281933447184,12.429684206314587
1.2286963050771966,13.158736308558511
1.268724244618249,10.485072307179145
1.2573677586985683,11.273924728133043
1.239330532757364,11.806564159601571
1.2548241536583091,11.04912403773646
1.2604535769316256,10.888529502573322
1.268632091112897,10.547990075101161
1.2701142695657983,10.479813732446345
1.2723658158717808,10.383028888135533
1.2571377420340482,10.969172533628466
1.258847133317921,11.020020227344222
1.2539461197150759,11.085831956305421
1.2434953844929655,11.447885749378504
1.2205399470752616,12.687527479759662
1.2471608293006287,11.316517500933543
1.248885700004068,11.725806765343501
1.245139167461978,11.29681717525521
1.246420509987043,11.352422196688165
1.248307154105489,11.192136335407882
1.2711957542193808,10.254544496271048
1.2987588074003544,9.35820315851359
1.1961026034245414,14.393873696753968
1.3212540518866096,8.688579710778393
1.3282581872904693,8.614962070344813
1.3166844983174995,8.767025079057674
1.165314081282202,16.785791201714467
1.1694500436253785,17.020334235540826
1.166717856497665,17.306838301168607
1.2359052742660335,12.063653940553115
1.2045510513531874,13.776610137209254
1.1843219152687936,15.722200794703989
1.1852683829839266,15.33583597278813
1.2450147611646762,11.77964705075509
1.2701950022193051,10.613865571302728
1.2428083900508828,11.852807021542901
1.2395275638752545,11.735691052811251
1.2455131561548143,11.755484895927792
1.2005206472470844,14.267845671966745
1.1919371066342133,14.827400297148383
1.1884040009673102,14.692561002450324
1.1884040009673102,14.692561002450324
1.1822577266834644,15.316512738208864
1.1982073139675882,14.149149954317519
1.1973315809574725,14.812612688696017
1.1918852035668466,14.724306313592855
1.2546334705484854,11.047048210237902
1.242692132485601,11.673960251166676
1.2404666759537846,11.59924104961121
1.2277877920752616,12.849101607353283
1.2092747388252598,13.868408218198086
1.2309532736418944,12.631624327350028
1.2350629041771166,12.110969219973871
1.2074212950002432,13.549766568689888
1.1992946171759904,14.310483573929067
1.1965034374811288,14.240726294179282
1.1844188704751675,15.377860857880503
1.1887801984182005,15.33595717680017
1.189006439540035,15.130611303581796
1.2040851310921508,13.967214070755757
1.2104879894722034,13.614693150678015
1.2096462143798086,13.534643325270366
1.2096462143798086,13.534643325270366
1.2318604310414731,11.767482378362478
1.2303229085611664,11.84713494925863
1.2502975520761834,11.39418991889152
1.241087871431926,11.646416241285221
1.241087871431926,11.646416241285221
1.2576206561742986,10.882701106720488
1.2286492551807473,12.637085449648811
1.2454956623906996,11.342126452142582
1.2933447397605413,9.537507383947856
1.184100289224092,15.39229562072225
1.1769578714505304,16.09091553452478
1.2582121144141596,10.89962824035629
1.2055700153188815,14.255632000426697
1.1717049823794616,15.78913767691457
1.3029237432228225,9.317524483460558
1.3029237432228225,9.317524483460558
1.3166391251860423,8.8596173847341
1.3275287217371698,8.808226345196994
1.233434576077212,12.208759612325588
1.249993098613297,11.569906913312913
1.281117281395506,10.13170911533741
1.2201706538074586,12.927210881814611
1.229551447366611,12.290131929110187
1.2623979560652658,10.96220585279681
1.1918851776460486,14.865369647565396
1.1937645031925679,14.540677659378368
1.264418720691185,10.530299113826842
1.2271727511454413,12.337863598968134
1.2166415213379191,13.379669358556692
1.2166415213379191,13.379669358556692
1.2427299491317876,12.001930044240328
1.210079540926643,13.52443665474483
1.2086648303916618,13.654332081781623
1.2785468949554804,10.187391361439353
1.239186560320758,11.828554646362985
1.2407143282511008,11.87981979726353
1.3723367610959647,7.579178897338603
1.3569302360728863,7.758911960247057
1.3361854918517002,8.59201088155361
1.3361854918517002,8.59201088155361
1.3283353580279063,8.367929386589445
1.3283353580279063,8.367929386589445
1.3283353580279063,8.367929386589445
1.3283353580279063,8.367929386589445
1.2795051767202477,10.157100873022754
1.2045634635273688,13.978747566162044
1.253068858662496,11.444537175241866
1.2318252041666855,12.169176341188265
1.220526121037141,12.933327940863528
1.2562999048909749,11.068279459578436
1.2599753296065126,10.75023517240924
1.2599753296065126,10.75023517240924
1.2380148808939813,12.173995816053127
1.2442681772646518,11.428625866509128
1.2854505320162846,9.784407580775982
1.2252582446033529,12.861042368352186
1.2381445987584105,11.688900491138675
1.2592552392903535,10.919808081881762
1.2556810962133194,10.903998936801365
1.2631009258448673,10.57100195772473
1.273021016047352,10.261194465360633
1.2081876905587543,13.614798857713781
1.2649686206170372,10.525936411494484
1.2233464607756637,12.441321683347143
1.2301025372290766,12.70525711610528
1.237465620354661,11.999427189552161
1.2406684793545069,11.796920074290446
1.272860662776163,10.490099400454442
1.192248338736815,14.436481460519717
1.1947280947209948,15.205003433918778
1.1927340800515422,15.030045830045447
1.2539540883269151,11.516166464828059
1.2715073335668454,10.27262779366718
1.2427156466112297,11.690502215181203
1.2388670027253326,11.83638975128879
1.255306555185712,10.845701979783572
1.2565632817412324,10.90236176693491
1.2624443133829584,10.84654462222118
1.2371697093447895,11.92878441257689
1.223343993137285,12.919042679956961
1.2340240604141495,12.06151259807229
1.2742316028644196,10.420373680335494
1.235224462309154,12.020241890798745
1.2558832395377637,11.143390774210216
1.2528343478198272,11.193040969929113
1.251514731586684,11.157354999713636
1.2678912283738066,10.337909286222054
1.268502417151665,10.408199075631986
1.273514327053019,10.498705435018364
1.2177050649932428,12.884187802530311
1.2112459139048095,13.61342430515621
1.2557777065115148,10.915086101315909
1.2236566338103967,12.408353386833836
1.2330144317018619,11.944844928340116
1.241255937242719,11.936771396425746
1.2221932498751724,12.674939072728655
1.2594613294245538,10.804876416498798
1.26042058252961,10.799398443845348
1.2888589168651883,9.649296914005689
1.2742749043800983,10.334906630733695
1.2994971175373027,9.398892380683472
1.2821919256286167,9.691139893749831
1.2468555939875994,11.18367459940564
1.259262450458122,11.168313495513122
1.2336019236361102,12.261401582684432
1.2559384990797753,11.078059085614603
1.256321770365592,10.871249077408361
1.2261133147489784,12.781314018869072
1.235023635648528,11.945325427746376
1.2724290467496577,10.167945872733851
1.2745699261454684,10.257215295807935
1.2622561473428655,10.771052658354936
1.2622561473428655,10.771052658354936
1.2336437048744417,12.149699203337146
1.2336437048744417,12.149699203337146
1.2323350850251977,12.292904957824845
1.2320359147634512,12.373476001772932
1.2305691723561656,12.256826107389836
1.2747932747605561,10.375660491002606
1.2410592174517359,11.7361992005656
1.244355122933254,11.697162814883745
1.241302113742308,11.956551695134484
1.2463714571096633,11.389137740493881
1.2256193988978532,12.914267730428419
1.2175676037990746,12.846251976821682
1.3041973033146546,9.15188022508053
1.3041973033146546,9.15188022508053
1.3179301867057163,8.841113116707938
1.31767642850415,8.79879819115816
1.267881643861337,10.605025056782859
1.2749000392619427,10.04548434238554
1.3151698770567912,8.96598130067924
1.3144513763933494,8.920623469647312
1.2858251123029862,9.815609217820102
1.2420545369422318,11.677434884604166
1.235755835624605,12.127436944380149
1.235755835624605,12.127436944380149
1.238172390377735,12.306726534129263
1.2131987139622773,13.231316103853947
1.2856603439001297,10.07097677690075
1.2601832927752652,10.930833589162747
1.2405674740870203,11.79756430241076
1.2376419848306752,11.691196870541331
1.2111100173964118,13.845674410817677
1.261617104233294,10.622328631486848
1.2454049833753225,11.91735060042944
1.242191267958177,11.745852603498765
1.2194710163347033,13.056919915697945
1.2074406614958217,13.51747922334436
1.2074406614958217,13.51747922334436
1.2249937336519092,12.894722863012566
1.219032252751182,12.759261393022703
1.2346224634098582,11.84582220273631
1.2783040120300582,9.946912900560152
1.2951755518575638,9.560266335004998
1.1901038894208562,15.14673293529141
1.1853999745351322,15.346950341045053
1.233875140743007,12.320127423991806
1.2582823077055512,10.928191805754382
1.2605046554342199,10.669831996514686
1.237825766884028,12.179404623462261
1.2163501754006867,13.483659607032239
1.2269764983869718,12.294261960333746
1.2293369657477902,12.549831197153514
1.2188853592647617,13.035804420664046
1.2189645144468226,13.038091867301064
1.2685737043340615,10.594324779347053
1.2765054844461399,10.289612026478242
1.279663955999413,10.11920897247741
1.2818313484707464,9.996553884344126
1.2682756707893812,10.628737841220527
1.2688750079117832,10.652165002349427
1.2707536437525984,10.92941164425069
1.2651803544687257,10.71923927930394
1.235417031129145,12.147943066573337
1.2315449387050885,12.357679058371785
1.2671286717322137,10.748420150763538
1.2685391259902872,10.796170199369866
1.2683613373341753,10.98768969265608
1.1907161841873122,14.321808188570326
1.1966068888910475,14.425681457229743
1.214685927725356,13.461604620537516
1.214685927725356,13.461604620537516
1.2144554144955213,13.395444454657428
1.2774749334290585,10.265692291291723
1.2704295271064807,10.342345130741299
1.265357850320006,10.74620045377245
1.245511613433354,11.65860300178869
1.2173217534944778,12.611899935632644
1.2286541027630205,11.938826450509314
1.260468928903164,11.050751323891799
1.260468928903164,11.050751323891799
1.2436883486666714,11.536936122245391
1.2195613229693263,13.362547873299686
1.24704971207145,11.721782391830942
1.237766679083471,12.196869801715472
1.240879124269706,12.07439082449968
1.3006954626830476,9.412017430200727
1.3210970547093441,8.69046820220192
1.3210970547093441,8.69046820220192
1.3197981373108787,8.653660623058054
1.3197981373108787,8.653660623058054
1.3322969193528011,8.501771945555605
1.310590157780003,8.887255426822575
1.3130056589555925,9.353574668685239
1.2860249564996749,9.790025317946094
1.2852863502123801,9.788108189616826
1.2905372571251992,9.800399626921065
1.209064671065032,13.959389077523328
1.2585700473576829,10.901574651574833
1.2771993562000632,10.335805755786685
1.2752807726272086,10.218594956544969
1.217355959479376,12.993579942200657
1.267858559460357,10.496504204639571
1.2568163641560646,11.107226327991917
1.2881732652884517,9.61318946058115
1.283378820104069,10.162913860187963
1.245506445374545,11.508870813692244
1.2710518842422875,10.43790940170905
1.2730998597407839,10.469570797133658
1.201584207028964,13.8116964643353
1.2788968677676216,10.046570638034723
1.2880277544173282,9.697965241477021
1.2951796038857997,9.753581770221443
1.2959455171365057,9.388266789711492
1.2942729134741167,9.37051368086463
1.2979489504541815,9.470217924509102
1.2310345330060928,12.347965050006454
1.2515788902390752,11.258649049311616
1.2251988086999797,12.628756827153913
1.270141894576876,10.401356561267798
1.218230305937877,13.015361756511599
1.2083466997914332,13.79644164634803
1.1881073070356452,15.199862683351139
1.1751994734915643,16.01343734062912
1.1751994734915643,16.01343734062912
1.1794872592200025,16.10157852596159
1.178141382405366,16.045602471750435
1.1755635371398427,15.949042984965091
1.1780521115417764,16.17708875443411
1.3152100469174657,8.922962518179919
1.3149853279031916,8.968707774075211
1.3182838865336985,8.785398355262863
1.3241359219008517,8.736259878146067
1.3296265211257534,8.58301654387722
1.3237562065997277,8.6351073697434
1.3227145569435563,8.55460044101549
1.321579139286344,8.811858949709293
1.2205391034811583,12.990527843157762
1.285225164411714,10.025799916693858
1.2856124623134086,10.02821399048184
1.286013965667461,10.093444209523243
1.2849866235808278,10.048977430434014
1.313611325213271,9.099103129385028
1.3246768464523306,8.7527029874894
1.3085427721147531,9.23650662829696
1.3123115645968724,9.091443183962681
1.3118887412737172,9.091272288453856
1.2285723037026721,12.704019147091365
1.2286547819204638,12.601944978404282
1.2224451131559564,13.014410212867181
1.2489542749198894,11.251060398924366
1.2418713938028287,10.993967696910955
1.2410059426330335,11.14934503732098
1.216221351711687,14.112185423771063
1.2264613036151646,12.729585426044249
1.2373562495700965,12.14836595639817
1.2412875758593727,11.944232940218972
1.2683227624640863,10.673568489625413
1.2781375367727965,10.128920735273034
1.243835259744173,11.258739969683594
1.233305526541047,12.025108041737685
1.233305526541047,12.025108041737685
1.2423171610346009,11.554240806141072
1.2311851499480935,12.507504830785086
1.226609552785618,12.344775174946896
1.2203468303663931,12.772720457892307
1.2280006945033857,12.340904714405584
1.2281712956685906,12.659880797832287
1.2684517049384163,10.698735688191261
1.2633573844772017,10.922896342345457
1.2464406434335995,11.458108523125189
1.2486261537805756,11.795915537577102
1.2474578750299339,11.624724787737634
1.249115314485133,11.520366604867423
1.261882517598955,10.84751459525657
1.262325245941907,10.8018873636746
1.221059140204348,12.957187767247982
1.2668443668045284,10.620034360866208
1.2573222538836955,11.001193434625836
1.2190787680309128,13.102374868726477
1.2189221006757744,12.995975224046
1.2649403527936138,10.766652298117199
1.2496390272482554,11.444207596428798
1.2589679574422963,10.94298913921754
1.2056096520801718,13.86392336602837
1.2384410135319996,11.895766298784354
1.2759313371436696,10.5618928907328
1.2610447305352857,10.856920517696752
1.2312458918386509,12.297768877190864
1.2430980952048658,11.678537477939923
1.2529009420819555,11.226715258243598
1.2170438138365842,13.192099784770269
1.2631987258274286,11.132097198751822
1.266078937848545,10.717679925800278
1.266078937848545,10.717679925800278
1.266078937848545,10.717679925800278
1.2764041293917794,10.338485495286015
1.2132594911832473,13.636275184277945
1.2624813458512296,10.997985155896085
1.212568904479628,13.659330001685227
1.2122494436298559,13.647354155876124
1.2091642718415458,13.505775714777691
1.2640863562182982,10.835382095346333
1.261408724419913,10.76303827605621
1.1931571324245993,14.996501765229704
1.1848480791882992,15.363357469541404
1.2421395352692792,11.613136467025104
1.2587958858535135,11.077814452785093
1.2400504039465527,11.957332402709806
1.2166422063150264,13.197159873897803
1.2717215572402796,10.409446639977661
1.2377144293560336,11.945026012007459
1.2471407525405507,11.58305145258952
1.2241925212161013,12.503008528781706
1.2015043880717902,14.236443612772286
1.2039463663289507,14.096071102533031
1.2739032103513375,10.39141451992538
1.2035674032366288,14.11480999820776
1.1931538176857128,14.871082442347143
1.1976157316275449,14.525381094096941
1.1863816703249428,15.083663753985542
1.1825048538367373,15.967917658752269
1.2062171096399064,13.663073914466215
1.2097192875195664,13.752137045794075
1.209721205716594,13.775358239604188
1.2017789810080226,14.326819668054506
1.1924864261787242,14.872097253623537
1.2090378851329149,13.768299350915065
1.235065337738003,12.011950473097006
1.2323250615024501,12.602767640919415
1.2184042776506474,12.759170978510603
1.320265060527895,8.989490304162139
1.3221884511096773,8.636492155724715
1.3303090520652698,8.936913037207532
1.2719988634967945,10.485812855622008
1.2333136396449826,12.446949678226522
1.2488501059840702,11.642129485661794
1.2196504017727599,13.116290296930554
1.3168858717348322,8.862881323182997
1.2258801358435758,12.457159112281994
1.232027327817452,12.10620124061358
1.22185207370005,12.946527744353977
1.2139169275289765,13.413953694913415
1.2241489063079738,13.2091138374382
1.2479041393559651,11.062036567998156
1.2160138139649275,12.977684595208695
1.247721376196509,11.508484124343399
1.2028565916141776,14.157377725636838
1.2078800383491906,13.816166389700927
1.1953319872542383,14.976923769196993
1.2052572521624139,14.273554840552485
1.1914424627463769,15.420923469804174
1.1868358563092307,15.012921797130932
1.1917130429298548,15.168625242637383
1.178439667124702,15.121990547221468
1.1786213730259136,15.369142271610963
1.1925483115465731,14.929902330498544
1.2678226679259286,10.414885081242405
1.268297041164475,10.38488159921447
1.2552158322775178,11.450117523474885
1.2706683713730889,10.216482994167059
1.2870735272328109,9.825908976976768
1.282908587919132,10.08492676212003
1.2181565906775615,13.077312495858857
1.2117105221278193,13.600086992656761
1.213306554102076,13.70327169275749
1.1923411507984307,15.331172686702844
1.2074414874950128,14.297855669507225
1.259933376065577,10.933955767502395
1.2578756212509592,10.81411242461449
1.244424813404342,11.368817997598851
1.2597117710299248,11.303061417721135
1.2448042364744463,11.252581117297701
1.2514603002096167,10.83575752311999
1.2667301856678463,10.234482900066448
1.2654096732864581,10.802456916906616
1.2794989422929082,10.333650517988257
1.2794989422929082,10.333650517988257
1.277450168961224,10.24824163496691
1.249719784521059,11.254314470110872
1.2830900835491936,10.026970378091313
1.2835086282534103,10.038482840944853
1.2835086282534103,10.038482840944853
1.2828223409740176,10.072849518117907
1.2884775453755353,9.810327393482812
1.2999688322515977,9.414655477422874
1.3158440443777117,8.831559324683782
1.2118428637708134,13.661114134341108
1.2137410759245795,13.108830667900895
1.2137410759245795,13.108830667900895
